{
  "activities-heart": [
    {
      "value": {
        "customHeartRateZones": [],
        "heartRateZones": [
          {
            "caloriesOut": 2109.23658,
            "max": 126,
            "min": 30,
            "minutes": 1440,
            "name": "Out of Range"
          },
          {
            "caloriesOut": 0,
            "max": 151,
            "min": 126,
            "minutes": 0,
            "name": "Fat Burn"
          },
          {
            "caloriesOut": 0,
            "max": 182,
            "min": 151,
            "minutes": 0,
            "name": "Cardio"
          },
          {
            "caloriesOut": 0,
            "max": 220,
            "min": 182,
            "minutes": 0,
            "name": "Peak"
          }
        ],
        "restingHeartRate": 76
      },
      "dateTime": "2025-10-25"
    }
  ],
  "activities-heart-intraday": {
    "dataset": [
      {
        "time": "00:40:00",
        "value": 70
      },
      {
        "time": "00:41:00",
        "value": 96
      },
      {
        "time": "00:42:00",
        "value": 104
      },
      {
        "time": "00:43:00",
        "value": 104
      },
      {
        "time": "00:44:00",
        "value": 93
      },
      {
        "time": "01:10:00",
        "value": 70
      },
      {
        "time": "01:11:00",
        "value": 96
      },
      {
        "time": "01:12:00",
        "value": 96
      },
      {
        "time": "01:13:00",
        "value": 97
      },
      {
        "time": "01:14:00",
        "value": 106
      },
      {
        "time": "01:15:00",
        "value": 101
      },
      {
        "time": "01:16:00",
        "value": 98
      },
      {
        "time": "01:17:00",
        "value": 97
      },
      {
        "time": "01:18:00",
        "value": 99
      },
      {
        "time": "01:19:00",
        "value": 96
      },
      {
        "time": "01:20:00",
        "value": 94
      },
      {
        "time": "01:21:00",
        "value": 89
      },
      {
        "time": "01:22:00",
        "value": 89
      },
      {
        "time": "01:23:00",
        "value": 90
      },
      {
        "time": "01:24:00",
        "value": 96
      },
      {
        "time": "01:25:00",
        "value": 97
      },
      {
        "time": "01:26:00",
        "value": 96
      },
      {
        "time": "01:27:00",
        "value": 95
      },
      {
        "time": "01:28:00",
        "value": 95
      },
      {
        "time": "01:29:00",
        "value": 94
      },
      {
        "time": "01:30:00",
        "value": 98
      },
      {
        "time": "01:31:00",
        "value": 99
      },
      {
        "time": "01:32:00",
        "value": 98
      },
      {
        "time": "01:33:00",
        "value": 107
      },
      {
        "time": "01:34:00",
        "value": 109
      },
      {
        "time": "01:35:00",
        "value": 104
      },
      {
        "time": "01:36:00",
        "value": 94
      },
      {
        "time": "01:37:00",
        "value": 94
      },
      {
        "time": "01:38:00",
        "value": 95
      },
      {
        "time": "01:39:00",
        "value": 99
      },
      {
        "time": "01:40:00",
        "value": 107
      },
      {
        "time": "01:41:00",
        "value": 99
      },
      {
        "time": "01:42:00",
        "value": 94
      },
      {
        "time": "01:43:00",
        "value": 96
      },
      {
        "time": "01:44:00",
        "value": 98
      },
      {
        "time": "02:00:00",
        "value": 78
      },
      {
        "time": "02:01:00",
        "value": 74
      },
      {
        "time": "02:02:00",
        "value": 90
      },
      {
        "time": "02:10:00",
        "value": 83
      },
      {
        "time": "02:11:00",
        "value": 82
      },
      {
        "time": "02:12:00",
        "value": 88
      },
      {
        "time": "02:13:00",
        "value": 90
      },
      {
        "time": "02:14:00",
        "value": 92
      },
      {
        "time": "02:15:00",
        "value": 89
      },
      {
        "time": "02:16:00",
        "value": 78
      },
      {
        "time": "02:17:00",
        "value": 71
      },
      {
        "time": "02:18:00",
        "value": 72
      },
      {
        "time": "02:19:00",
        "value": 73
      },
      {
        "time": "02:20:00",
        "value": 74
      },
      {
        "time": "02:21:00",
        "value": 76
      },
      {
        "time": "02:22:00",
        "value": 73
      },
      {
        "time": "02:23:00",
        "value": 72
      },
      {
        "time": "02:24:00",
        "value": 80
      },
      {
        "time": "02:25:00",
        "value": 80
      },
      {
        "time": "02:26:00",
        "value": 77
      },
      {
        "time": "02:27:00",
        "value": 79
      },
      {
        "time": "02:28:00",
        "value": 75
      },
      {
        "time": "02:29:00",
        "value": 72
      },
      {
        "time": "02:30:00",
        "value": 72
      },
      {
        "time": "02:31:00",
        "value": 72
      },
      {
        "time": "02:32:00",
        "value": 75
      },
      {
        "time": "02:33:00",
        "value": 72
      },
      {
        "time": "02:34:00",
        "value": 73
      },
      {
        "time": "02:35:00",
        "value": 70
      },
      {
        "time": "02:36:00",
        "value": 71
      },
      {
        "time": "02:37:00",
        "value": 70
      },
      {
        "time": "02:38:00",
        "value": 74
      },
      {
        "time": "02:39:00",
        "value": 77
      },
      {
        "time": "02:40:00",
        "value": 70
      },
      {
        "time": "02:41:00",
        "value": 70
      },
      {
        "time": "02:42:00",
        "value": 72
      },
      {
        "time": "02:43:00",
        "value": 74
      },
      {
        "time": "02:44:00",
        "value": 75
      },
      {
        "time": "02:45:00",
        "value": 73
      },
      {
        "time": "02:46:00",
        "value": 74
      },
      {
        "time": "02:47:00",
        "value": 75
      },
      {
        "time": "02:48:00",
        "value": 74
      },
      {
        "time": "02:49:00",
        "value": 71
      },
      {
        "time": "02:50:00",
        "value": 75
      },
      {
        "time": "02:51:00",
        "value": 76
      },
      {
        "time": "02:52:00",
        "value": 74
      },
      {
        "time": "02:53:00",
        "value": 77
      },
      {
        "time": "02:54:00",
        "value": 76
      },
      {
        "time": "02:55:00",
        "value": 74
      },
      {
        "time": "02:56:00",
        "value": 73
      },
      {
        "time": "02:57:00",
        "value": 80
      },
      {
        "time": "02:58:00",
        "value": 77
      },
      {
        "time": "02:59:00",
        "value": 76
      },
      {
        "time": "03:00:00",
        "value": 81
      },
      {
        "time": "03:01:00",
        "value": 80
      },
      {
        "time": "03:02:00",
        "value": 78
      },
      {
        "time": "03:03:00",
        "value": 79
      },
      {
        "time": "03:04:00",
        "value": 81
      },
      {
        "time": "03:05:00",
        "value": 79
      },
      {
        "time": "03:06:00",
        "value": 80
      },
      {
        "time": "03:07:00",
        "value": 76
      },
      {
        "time": "03:08:00",
        "value": 77
      },
      {
        "time": "03:09:00",
        "value": 76
      },
      {
        "time": "03:10:00",
        "value": 77
      },
      {
        "time": "03:11:00",
        "value": 79
      },
      {
        "time": "03:12:00",
        "value": 81
      },
      {
        "time": "03:13:00",
        "value": 83
      },
      {
        "time": "03:14:00",
        "value": 80
      },
      {
        "time": "03:15:00",
        "value": 80
      },
      {
        "time": "03:16:00",
        "value": 78
      },
      {
        "time": "03:17:00",
        "value": 78
      },
      {
        "time": "03:18:00",
        "value": 75
      },
      {
        "time": "03:19:00",
        "value": 76
      },
      {
        "time": "03:20:00",
        "value": 79
      },
      {
        "time": "03:21:00",
        "value": 78
      },
      {
        "time": "03:22:00",
        "value": 77
      },
      {
        "time": "03:23:00",
        "value": 78
      },
      {
        "time": "03:24:00",
        "value": 80
      },
      {
        "time": "03:25:00",
        "value": 80
      },
      {
        "time": "03:26:00",
        "value": 80
      },
      {
        "time": "03:27:00",
        "value": 77
      },
      {
        "time": "03:28:00",
        "value": 82
      },
      {
        "time": "03:29:00",
        "value": 82
      },
      {
        "time": "03:30:00",
        "value": 85
      },
      {
        "time": "03:31:00",
        "value": 83
      },
      {
        "time": "03:32:00",
        "value": 80
      },
      {
        "time": "03:33:00",
        "value": 81
      },
      {
        "time": "03:34:00",
        "value": 83
      },
      {
        "time": "03:35:00",
        "value": 83
      },
      {
        "time": "03:36:00",
        "value": 80
      },
      {
        "time": "03:37:00",
        "value": 79
      },
      {
        "time": "03:38:00",
        "value": 79
      },
      {
        "time": "03:39:00",
        "value": 83
      },
      {
        "time": "03:40:00",
        "value": 81
      },
      {
        "time": "03:41:00",
        "value": 77
      },
      {
        "time": "03:42:00",
        "value": 79
      },
      {
        "time": "03:43:00",
        "value": 80
      },
      {
        "time": "03:44:00",
        "value": 79
      },
      {
        "time": "03:45:00",
        "value": 77
      },
      {
        "time": "03:46:00",
        "value": 77
      },
      {
        "time": "03:47:00",
        "value": 80
      },
      {
        "time": "03:48:00",
        "value": 77
      },
      {
        "time": "03:49:00",
        "value": 78
      },
      {
        "time": "03:50:00",
        "value": 77
      },
      {
        "time": "03:51:00",
        "value": 78
      },
      {
        "time": "03:52:00",
        "value": 85
      },
      {
        "time": "03:53:00",
        "value": 79
      },
      {
        "time": "03:54:00",
        "value": 77
      },
      {
        "time": "03:55:00",
        "value": 80
      },
      {
        "time": "03:56:00",
        "value": 79
      },
      {
        "time": "03:57:00",
        "value": 75
      },
      {
        "time": "03:58:00",
        "value": 78
      },
      {
        "time": "03:59:00",
        "value": 75
      },
      {
        "time": "04:00:00",
        "value": 78
      },
      {
        "time": "04:01:00",
        "value": 77
      },
      {
        "time": "04:02:00",
        "value": 76
      },
      {
        "time": "04:03:00",
        "value": 80
      },
      {
        "time": "04:04:00",
        "value": 83
      },
      {
        "time": "04:05:00",
        "value": 79
      },
      {
        "time": "04:06:00",
        "value": 78
      },
      {
        "time": "04:07:00",
        "value": 77
      },
      {
        "time": "04:08:00",
        "value": 74
      },
      {
        "time": "04:09:00",
        "value": 75
      },
      {
        "time": "04:10:00",
        "value": 79
      },
      {
        "time": "04:11:00",
        "value": 75
      },
      {
        "time": "04:12:00",
        "value": 75
      },
      {
        "time": "04:13:00",
        "value": 74
      },
      {
        "time": "04:14:00",
        "value": 78
      },
      {
        "time": "04:15:00",
        "value": 76
      },
      {
        "time": "04:16:00",
        "value": 75
      },
      {
        "time": "04:17:00",
        "value": 76
      },
      {
        "time": "04:18:00",
        "value": 77
      },
      {
        "time": "04:19:00",
        "value": 84
      },
      {
        "time": "04:20:00",
        "value": 84
      },
      {
        "time": "04:21:00",
        "value": 83
      },
      {
        "time": "04:22:00",
        "value": 82
      },
      {
        "time": "04:23:00",
        "value": 81
      },
      {
        "time": "04:24:00",
        "value": 79
      },
      {
        "time": "04:25:00",
        "value": 88
      },
      {
        "time": "04:26:00",
        "value": 82
      },
      {
        "time": "04:27:00",
        "value": 82
      },
      {
        "time": "04:28:00",
        "value": 80
      },
      {
        "time": "04:29:00",
        "value": 84
      },
      {
        "time": "04:30:00",
        "value": 77
      },
      {
        "time": "04:31:00",
        "value": 75
      },
      {
        "time": "04:32:00",
        "value": 80
      },
      {
        "time": "04:33:00",
        "value": 78
      },
      {
        "time": "04:34:00",
        "value": 78
      },
      {
        "time": "04:35:00",
        "value": 82
      },
      {
        "time": "04:36:00",
        "value": 85
      },
      {
        "time": "04:37:00",
        "value": 87
      },
      {
        "time": "04:38:00",
        "value": 84
      },
      {
        "time": "04:39:00",
        "value": 80
      },
      {
        "time": "04:40:00",
        "value": 84
      },
      {
        "time": "04:41:00",
        "value": 86
      },
      {
        "time": "04:42:00",
        "value": 75
      },
      {
        "time": "04:43:00",
        "value": 80
      },
      {
        "time": "04:44:00",
        "value": 76
      },
      {
        "time": "04:45:00",
        "value": 78
      },
      {
        "time": "04:46:00",
        "value": 81
      },
      {
        "time": "04:47:00",
        "value": 78
      },
      {
        "time": "04:48:00",
        "value": 76
      },
      {
        "time": "04:49:00",
        "value": 78
      },
      {
        "time": "04:50:00",
        "value": 74
      },
      {
        "time": "04:51:00",
        "value": 71
      },
      {
        "time": "04:52:00",
        "value": 71
      },
      {
        "time": "04:53:00",
        "value": 70
      },
      {
        "time": "04:54:00",
        "value": 70
      },
      {
        "time": "04:55:00",
        "value": 69
      },
      {
        "time": "04:56:00",
        "value": 67
      },
      {
        "time": "04:57:00",
        "value": 67
      },
      {
        "time": "04:58:00",
        "value": 67
      },
      {
        "time": "04:59:00",
        "value": 65
      },
      {
        "time": "05:00:00",
        "value": 65
      },
      {
        "time": "05:01:00",
        "value": 66
      },
      {
        "time": "05:02:00",
        "value": 66
      },
      {
        "time": "05:03:00",
        "value": 65
      },
      {
        "time": "05:04:00",
        "value": 67
      },
      {
        "time": "05:05:00",
        "value": 66
      },
      {
        "time": "05:06:00",
        "value": 67
      },
      {
        "time": "05:07:00",
        "value": 66
      },
      {
        "time": "05:08:00",
        "value": 67
      },
      {
        "time": "05:09:00",
        "value": 67
      },
      {
        "time": "05:10:00",
        "value": 66
      },
      {
        "time": "05:11:00",
        "value": 65
      },
      {
        "time": "05:12:00",
        "value": 65
      },
      {
        "time": "05:13:00",
        "value": 66
      },
      {
        "time": "05:14:00",
        "value": 67
      },
      {
        "time": "05:15:00",
        "value": 66
      },
      {
        "time": "05:16:00",
        "value": 67
      },
      {
        "time": "05:17:00",
        "value": 71
      },
      {
        "time": "05:18:00",
        "value": 67
      },
      {
        "time": "05:19:00",
        "value": 67
      },
      {
        "time": "05:20:00",
        "value": 67
      },
      {
        "time": "05:21:00",
        "value": 66
      },
      {
        "time": "05:22:00",
        "value": 66
      },
      {
        "time": "05:23:00",
        "value": 66
      },
      {
        "time": "05:24:00",
        "value": 66
      },
      {
        "time": "05:25:00",
        "value": 66
      },
      {
        "time": "05:26:00",
        "value": 66
      },
      {
        "time": "05:27:00",
        "value": 69
      },
      {
        "time": "05:28:00",
        "value": 66
      },
      {
        "time": "05:29:00",
        "value": 65
      },
      {
        "time": "05:30:00",
        "value": 66
      },
      {
        "time": "05:31:00",
        "value": 66
      },
      {
        "time": "05:32:00",
        "value": 66
      },
      {
        "time": "05:33:00",
        "value": 67
      },
      {
        "time": "05:34:00",
        "value": 67
      },
      {
        "time": "05:35:00",
        "value": 67
      },
      {
        "time": "05:36:00",
        "value": 67
      },
      {
        "time": "05:37:00",
        "value": 67
      },
      {
        "time": "05:38:00",
        "value": 67
      },
      {
        "time": "05:39:00",
        "value": 67
      },
      {
        "time": "05:40:00",
        "value": 67
      },
      {
        "time": "05:41:00",
        "value": 68
      },
      {
        "time": "05:42:00",
        "value": 67
      },
      {
        "time": "05:43:00",
        "value": 67
      },
      {
        "time": "05:44:00",
        "value": 67
      },
      {
        "time": "05:45:00",
        "value": 67
      },
      {
        "time": "05:46:00",
        "value": 67
      },
      {
        "time": "05:47:00",
        "value": 71
      },
      {
        "time": "05:48:00",
        "value": 72
      },
      {
        "time": "05:49:00",
        "value": 65
      },
      {
        "time": "05:50:00",
        "value": 69
      },
      {
        "time": "05:51:00",
        "value": 63
      },
      {
        "time": "05:52:00",
        "value": 67
      },
      {
        "time": "05:53:00",
        "value": 62
      },
      {
        "time": "05:54:00",
        "value": 72
      },
      {
        "time": "05:55:00",
        "value": 73
      },
      {
        "time": "05:56:00",
        "value": 70
      },
      {
        "time": "05:57:00",
        "value": 68
      },
      {
        "time": "05:58:00",
        "value": 66
      },
      {
        "time": "05:59:00",
        "value": 67
      },
      {
        "time": "06:00:00",
        "value": 67
      },
      {
        "time": "06:01:00",
        "value": 65
      },
      {
        "time": "06:02:00",
        "value": 66
      },
      {
        "time": "06:03:00",
        "value": 64
      },
      {
        "time": "06:04:00",
        "value": 67
      },
      {
        "time": "06:05:00",
        "value": 68
      },
      {
        "time": "06:06:00",
        "value": 68
      },
      {
        "time": "06:07:00",
        "value": 68
      },
      {
        "time": "06:08:00",
        "value": 66
      },
      {
        "time": "06:09:00",
        "value": 71
      },
      {
        "time": "06:10:00",
        "value": 77
      },
      {
        "time": "06:11:00",
        "value": 75
      },
      {
        "time": "06:12:00",
        "value": 76
      },
      {
        "time": "06:13:00",
        "value": 78
      },
      {
        "time": "06:14:00",
        "value": 72
      },
      {
        "time": "06:15:00",
        "value": 73
      },
      {
        "time": "06:16:00",
        "value": 73
      },
      {
        "time": "06:17:00",
        "value": 79
      },
      {
        "time": "06:18:00",
        "value": 69
      },
      {
        "time": "06:19:00",
        "value": 68
      },
      {
        "time": "06:20:00",
        "value": 67
      },
      {
        "time": "06:21:00",
        "value": 64
      },
      {
        "time": "06:22:00",
        "value": 67
      },
      {
        "time": "06:23:00",
        "value": 72
      },
      {
        "time": "06:24:00",
        "value": 68
      },
      {
        "time": "06:25:00",
        "value": 66
      },
      {
        "time": "06:26:00",
        "value": 66
      },
      {
        "time": "06:27:00",
        "value": 66
      },
      {
        "time": "06:28:00",
        "value": 66
      },
      {
        "time": "06:29:00",
        "value": 67
      },
      {
        "time": "06:30:00",
        "value": 67
      },
      {
        "time": "06:31:00",
        "value": 66
      },
      {
        "time": "06:32:00",
        "value": 66
      },
      {
        "time": "06:33:00",
        "value": 71
      },
      {
        "time": "06:34:00",
        "value": 66
      },
      {
        "time": "06:35:00",
        "value": 66
      },
      {
        "time": "06:36:00",
        "value": 68
      },
      {
        "time": "06:37:00",
        "value": 64
      },
      {
        "time": "06:38:00",
        "value": 66
      },
      {
        "time": "06:39:00",
        "value": 66
      },
      {
        "time": "06:40:00",
        "value": 66
      },
      {
        "time": "06:41:00",
        "value": 64
      },
      {
        "time": "06:42:00",
        "value": 67
      },
      {
        "time": "06:43:00",
        "value": 67
      },
      {
        "time": "06:44:00",
        "value": 67
      },
      {
        "time": "06:45:00",
        "value": 68
      },
      {
        "time": "06:46:00",
        "value": 68
      },
      {
        "time": "06:47:00",
        "value": 67
      },
      {
        "time": "06:48:00",
        "value": 68
      },
      {
        "time": "06:49:00",
        "value": 67
      },
      {
        "time": "06:50:00",
        "value": 67
      },
      {
        "time": "06:51:00",
        "value": 69
      },
      {
        "time": "06:52:00",
        "value": 68
      },
      {
        "time": "06:53:00",
        "value": 68
      },
      {
        "time": "06:54:00",
        "value": 69
      },
      {
        "time": "06:55:00",
        "value": 68
      },
      {
        "time": "06:56:00",
        "value": 69
      },
      {
        "time": "06:57:00",
        "value": 73
      },
      {
        "time": "06:58:00",
        "value": 65
      },
      {
        "time": "06:59:00",
        "value": 66
      },
      {
        "time": "07:00:00",
        "value": 65
      },
      {
        "time": "07:01:00",
        "value": 67
      },
      {
        "time": "07:02:00",
        "value": 65
      },
      {
        "time": "07:03:00",
        "value": 65
      },
      {
        "time": "07:04:00",
        "value": 65
      },
      {
        "time": "07:05:00",
        "value": 65
      },
      {
        "time": "07:06:00",
        "value": 65
      },
      {
        "time": "07:07:00",
        "value": 65
      },
      {
        "time": "07:08:00",
        "value": 66
      },
      {
        "time": "07:09:00",
        "value": 65
      },
      {
        "time": "07:10:00",
        "value": 63
      },
      {
        "time": "07:11:00",
        "value": 65
      },
      {
        "time": "07:12:00",
        "value": 70
      },
      {
        "time": "07:13:00",
        "value": 66
      },
      {
        "time": "07:14:00",
        "value": 63
      },
      {
        "time": "07:15:00",
        "value": 63
      },
      {
        "time": "07:16:00",
        "value": 61
      },
      {
        "time": "07:17:00",
        "value": 60
      },
      {
        "time": "07:18:00",
        "value": 63
      },
      {
        "time": "07:19:00",
        "value": 62
      },
      {
        "time": "07:20:00",
        "value": 65
      },
      {
        "time": "07:21:00",
        "value": 62
      },
      {
        "time": "07:22:00",
        "value": 64
      },
      {
        "time": "07:23:00",
        "value": 64
      },
      {
        "time": "07:24:00",
        "value": 65
      },
      {
        "time": "07:25:00",
        "value": 65
      },
      {
        "time": "07:26:00",
        "value": 66
      },
      {
        "time": "07:27:00",
        "value": 65
      },
      {
        "time": "07:28:00",
        "value": 69
      },
      {
        "time": "07:29:00",
        "value": 66
      },
      {
        "time": "07:30:00",
        "value": 67
      },
      {
        "time": "07:31:00",
        "value": 67
      },
      {
        "time": "07:32:00",
        "value": 83
      },
      {
        "time": "07:33:00",
        "value": 76
      },
      {
        "time": "07:34:00",
        "value": 75
      },
      {
        "time": "07:35:00",
        "value": 77
      },
      {
        "time": "07:36:00",
        "value": 79
      },
      {
        "time": "07:37:00",
        "value": 72
      },
      {
        "time": "07:38:00",
        "value": 71
      },
      {
        "time": "07:39:00",
        "value": 72
      },
      {
        "time": "07:40:00",
        "value": 70
      },
      {
        "time": "07:41:00",
        "value": 73
      },
      {
        "time": "07:42:00",
        "value": 72
      },
      {
        "time": "07:43:00",
        "value": 72
      },
      {
        "time": "07:44:00",
        "value": 74
      },
      {
        "time": "07:45:00",
        "value": 79
      },
      {
        "time": "07:46:00",
        "value": 80
      },
      {
        "time": "07:47:00",
        "value": 76
      },
      {
        "time": "07:48:00",
        "value": 76
      },
      {
        "time": "07:49:00",
        "value": 79
      },
      {
        "time": "07:50:00",
        "value": 77
      },
      {
        "time": "07:51:00",
        "value": 78
      },
      {
        "time": "07:52:00",
        "value": 78
      },
      {
        "time": "07:53:00",
        "value": 77
      },
      {
        "time": "07:54:00",
        "value": 76
      },
      {
        "time": "07:55:00",
        "value": 71
      },
      {
        "time": "07:56:00",
        "value": 72
      },
      {
        "time": "07:57:00",
        "value": 68
      },
      {
        "time": "07:58:00",
        "value": 68
      },
      {
        "time": "07:59:00",
        "value": 65
      },
      {
        "time": "08:00:00",
        "value": 66
      },
      {
        "time": "08:01:00",
        "value": 68
      },
      {
        "time": "08:02:00",
        "value": 68
      },
      {
        "time": "08:03:00",
        "value": 71
      },
      {
        "time": "08:04:00",
        "value": 72
      },
      {
        "time": "08:05:00",
        "value": 75
      },
      {
        "time": "08:06:00",
        "value": 73
      },
      {
        "time": "08:07:00",
        "value": 75
      },
      {
        "time": "08:08:00",
        "value": 72
      },
      {
        "time": "08:09:00",
        "value": 74
      },
      {
        "time": "08:10:00",
        "value": 74
      },
      {
        "time": "08:11:00",
        "value": 71
      },
      {
        "time": "08:12:00",
        "value": 82
      },
      {
        "time": "08:13:00",
        "value": 78
      },
      {
        "time": "08:14:00",
        "value": 75
      },
      {
        "time": "08:15:00",
        "value": 76
      },
      {
        "time": "08:16:00",
        "value": 79
      },
      {
        "time": "08:17:00",
        "value": 78
      },
      {
        "time": "08:18:00",
        "value": 77
      },
      {
        "time": "08:19:00",
        "value": 78
      },
      {
        "time": "08:20:00",
        "value": 80
      },
      {
        "time": "08:21:00",
        "value": 90
      },
      {
        "time": "08:22:00",
        "value": 87
      },
      {
        "time": "08:23:00",
        "value": 83
      },
      {
        "time": "08:24:00",
        "value": 82
      },
      {
        "time": "08:25:00",
        "value": 83
      },
      {
        "time": "09:06:00",
        "value": 71
      },
      {
        "time": "09:07:00",
        "value": 84
      },
      {
        "time": "09:08:00",
        "value": 129
      },
      {
        "time": "09:09:00",
        "value": 114
      },
      {
        "time": "09:27:00",
        "value": 83
      },
      {
        "time": "09:28:00",
        "value": 76
      },
      {
        "time": "09:29:00",
        "value": 73
      },
      {
        "time": "09:30:00",
        "value": 73
      },
      {
        "time": "09:31:00",
        "value": 73
      },
      {
        "time": "09:32:00",
        "value": 73
      },
      {
        "time": "09:33:00",
        "value": 74
      },
      {
        "time": "09:34:00",
        "value": 73
      },
      {
        "time": "09:35:00",
        "value": 72
      },
      {
        "time": "09:36:00",
        "value": 71
      },
      {
        "time": "09:37:00",
        "value": 74
      },
      {
        "time": "09:38:00",
        "value": 82
      },
      {
        "time": "09:39:00",
        "value": 78
      },
      {
        "time": "09:40:00",
        "value": 82
      },
      {
        "time": "09:41:00",
        "value": 78
      },
      {
        "time": "09:42:00",
        "value": 77
      },
      {
        "time": "09:43:00",
        "value": 76
      },
      {
        "time": "09:44:00",
        "value": 77
      },
      {
        "time": "09:45:00",
        "value": 78
      },
      {
        "time": "09:46:00",
        "value": 76
      },
      {
        "time": "09:47:00",
        "value": 78
      },
      {
        "time": "09:48:00",
        "value": 77
      },
      {
        "time": "09:49:00",
        "value": 78
      },
      {
        "time": "09:50:00",
        "value": 80
      },
      {
        "time": "09:51:00",
        "value": 79
      },
      {
        "time": "09:52:00",
        "value": 78
      },
      {
        "time": "09:53:00",
        "value": 74
      },
      {
        "time": "09:54:00",
        "value": 76
      },
      {
        "time": "09:55:00",
        "value": 76
      },
      {
        "time": "09:56:00",
        "value": 75
      },
      {
        "time": "09:57:00",
        "value": 77
      },
      {
        "time": "09:58:00",
        "value": 79
      },
      {
        "time": "09:59:00",
        "value": 78
      },
      {
        "time": "10:00:00",
        "value": 77
      },
      {
        "time": "10:01:00",
        "value": 75
      },
      {
        "time": "10:02:00",
        "value": 77
      },
      {
        "time": "10:03:00",
        "value": 78
      },
      {
        "time": "10:04:00",
        "value": 79
      },
      {
        "time": "10:05:00",
        "value": 80
      },
      {
        "time": "10:06:00",
        "value": 79
      },
      {
        "time": "10:07:00",
        "value": 77
      },
      {
        "time": "10:08:00",
        "value": 75
      },
      {
        "time": "10:09:00",
        "value": 76
      },
      {
        "time": "10:10:00",
        "value": 76
      },
      {
        "time": "10:11:00",
        "value": 79
      },
      {
        "time": "10:12:00",
        "value": 80
      },
      {
        "time": "10:13:00",
        "value": 77
      },
      {
        "time": "10:14:00",
        "value": 78
      },
      {
        "time": "11:03:00",
        "value": 76
      },
      {
        "time": "11:23:00",
        "value": 76
      },
      {
        "time": "11:24:00",
        "value": 74
      },
      {
        "time": "11:30:00",
        "value": 70
      },
      {
        "time": "11:31:00",
        "value": 71
      },
      {
        "time": "11:32:00",
        "value": 77
      },
      {
        "time": "12:03:00",
        "value": 97
      },
      {
        "time": "12:04:00",
        "value": 98
      },
      {
        "time": "12:05:00",
        "value": 89
      },
      {
        "time": "12:06:00",
        "value": 86
      },
      {
        "time": "12:07:00",
        "value": 88
      },
      {
        "time": "12:08:00",
        "value": 92
      },
      {
        "time": "12:09:00",
        "value": 93
      },
      {
        "time": "12:10:00",
        "value": 84
      },
      {
        "time": "12:11:00",
        "value": 85
      },
      {
        "time": "12:12:00",
        "value": 88
      },
      {
        "time": "12:13:00",
        "value": 87
      },
      {
        "time": "12:14:00",
        "value": 86
      },
      {
        "time": "12:15:00",
        "value": 84
      },
      {
        "time": "12:16:00",
        "value": 82
      },
      {
        "time": "12:17:00",
        "value": 81
      },
      {
        "time": "12:18:00",
        "value": 87
      },
      {
        "time": "12:19:00",
        "value": 82
      },
      {
        "time": "12:20:00",
        "value": 83
      },
      {
        "time": "12:21:00",
        "value": 82
      },
      {
        "time": "12:22:00",
        "value": 81
      },
      {
        "time": "12:23:00",
        "value": 83
      },
      {
        "time": "12:24:00",
        "value": 85
      },
      {
        "time": "12:25:00",
        "value": 87
      },
      {
        "time": "12:26:00",
        "value": 83
      },
      {
        "time": "12:27:00",
        "value": 83
      },
      {
        "time": "12:28:00",
        "value": 83
      },
      {
        "time": "12:29:00",
        "value": 84
      },
      {
        "time": "12:30:00",
        "value": 82
      },
      {
        "time": "12:31:00",
        "value": 81
      },
      {
        "time": "12:32:00",
        "value": 93
      },
      {
        "time": "12:34:00",
        "value": 82
      },
      {
        "time": "12:35:00",
        "value": 85
      },
      {
        "time": "12:36:00",
        "value": 87
      },
      {
        "time": "12:37:00",
        "value": 84
      },
      {
        "time": "12:38:00",
        "value": 84
      },
      {
        "time": "12:39:00",
        "value": 82
      },
      {
        "time": "12:40:00",
        "value": 78
      },
      {
        "time": "12:41:00",
        "value": 83
      },
      {
        "time": "12:42:00",
        "value": 80
      },
      {
        "time": "12:43:00",
        "value": 81
      },
      {
        "time": "12:44:00",
        "value": 81
      },
      {
        "time": "12:45:00",
        "value": 80
      },
      {
        "time": "12:46:00",
        "value": 80
      },
      {
        "time": "12:47:00",
        "value": 81
      },
      {
        "time": "12:48:00",
        "value": 76
      },
      {
        "time": "12:49:00",
        "value": 80
      },
      {
        "time": "12:50:00",
        "value": 79
      },
      {
        "time": "12:51:00",
        "value": 80
      },
      {
        "time": "12:52:00",
        "value": 79
      },
      {
        "time": "12:53:00",
        "value": 82
      },
      {
        "time": "12:54:00",
        "value": 80
      },
      {
        "time": "12:55:00",
        "value": 80
      },
      {
        "time": "12:56:00",
        "value": 81
      },
      {
        "time": "12:57:00",
        "value": 80
      },
      {
        "time": "12:58:00",
        "value": 79
      },
      {
        "time": "12:59:00",
        "value": 97
      },
      {
        "time": "13:00:00",
        "value": 86
      },
      {
        "time": "13:01:00",
        "value": 83
      },
      {
        "time": "13:02:00",
        "value": 85
      },
      {
        "time": "13:03:00",
        "value": 86
      },
      {
        "time": "13:04:00",
        "value": 80
      },
      {
        "time": "13:05:00",
        "value": 75
      },
      {
        "time": "13:06:00",
        "value": 75
      },
      {
        "time": "13:07:00",
        "value": 76
      },
      {
        "time": "13:08:00",
        "value": 75
      },
      {
        "time": "13:09:00",
        "value": 74
      },
      {
        "time": "13:10:00",
        "value": 75
      },
      {
        "time": "13:11:00",
        "value": 76
      },
      {
        "time": "13:12:00",
        "value": 77
      },
      {
        "time": "13:13:00",
        "value": 75
      },
      {
        "time": "13:14:00",
        "value": 76
      },
      {
        "time": "13:15:00",
        "value": 74
      },
      {
        "time": "13:16:00",
        "value": 76
      },
      {
        "time": "13:17:00",
        "value": 74
      },
      {
        "time": "13:18:00",
        "value": 76
      },
      {
        "time": "13:19:00",
        "value": 76
      },
      {
        "time": "13:20:00",
        "value": 75
      },
      {
        "time": "13:21:00",
        "value": 75
      },
      {
        "time": "13:22:00",
        "value": 79
      },
      {
        "time": "13:23:00",
        "value": 96
      },
      {
        "time": "13:24:00",
        "value": 70
      },
      {
        "time": "13:25:00",
        "value": 76
      },
      {
        "time": "18:18:00",
        "value": 70
      },
      {
        "time": "18:19:00",
        "value": 78
      },
      {
        "time": "19:20:00",
        "value": 76
      },
      {
        "time": "19:21:00",
        "value": 86
      },
      {
        "time": "19:22:00",
        "value": 88
      },
      {
        "time": "19:23:00",
        "value": 90
      },
      {
        "time": "19:24:00",
        "value": 89
      },
      {
        "time": "19:25:00",
        "value": 92
      },
      {
        "time": "19:26:00",
        "value": 84
      },
      {
        "time": "19:27:00",
        "value": 84
      },
      {
        "time": "19:28:00",
        "value": 86
      },
      {
        "time": "19:29:00",
        "value": 86
      },
      {
        "time": "19:30:00",
        "value": 84
      },
      {
        "time": "19:31:00",
        "value": 80
      },
      {
        "time": "19:32:00",
        "value": 85
      },
      {
        "time": "19:33:00",
        "value": 93
      },
      {
        "time": "19:34:00",
        "value": 91
      },
      {
        "time": "19:35:00",
        "value": 89
      },
      {
        "time": "19:36:00",
        "value": 89
      },
      {
        "time": "19:37:00",
        "value": 91
      },
      {
        "time": "19:38:00",
        "value": 90
      },
      {
        "time": "19:39:00",
        "value": 84
      },
      {
        "time": "19:40:00",
        "value": 93
      },
      {
        "time": "19:41:00",
        "value": 86
      },
      {
        "time": "19:42:00",
        "value": 86
      },
      {
        "time": "19:43:00",
        "value": 85
      },
      {
        "time": "19:44:00",
        "value": 84
      },
      {
        "time": "19:45:00",
        "value": 85
      },
      {
        "time": "19:46:00",
        "value": 82
      },
      {
        "time": "19:47:00",
        "value": 87
      },
      {
        "time": "19:48:00",
        "value": 80
      },
      {
        "time": "19:49:00",
        "value": 84
      },
      {
        "time": "19:50:00",
        "value": 90
      },
      {
        "time": "19:51:00",
        "value": 88
      },
      {
        "time": "19:52:00",
        "value": 88
      },
      {
        "time": "19:53:00",
        "value": 87
      },
      {
        "time": "19:54:00",
        "value": 89
      },
      {
        "time": "19:55:00",
        "value": 90
      },
      {
        "time": "19:56:00",
        "value": 97
      },
      {
        "time": "19:57:00",
        "value": 89
      },
      {
        "time": "19:58:00",
        "value": 79
      },
      {
        "time": "19:59:00",
        "value": 80
      },
      {
        "time": "20:00:00",
        "value": 78
      },
      {
        "time": "20:01:00",
        "value": 82
      },
      {
        "time": "20:02:00",
        "value": 83
      },
      {
        "time": "20:03:00",
        "value": 82
      },
      {
        "time": "20:04:00",
        "value": 81
      },
      {
        "time": "20:05:00",
        "value": 83
      },
      {
        "time": "20:06:00",
        "value": 90
      },
      {
        "time": "20:07:00",
        "value": 86
      },
      {
        "time": "20:08:00",
        "value": 79
      },
      {
        "time": "20:09:00",
        "value": 85
      },
      {
        "time": "20:10:00",
        "value": 91
      },
      {
        "time": "20:11:00",
        "value": 83
      },
      {
        "time": "20:12:00",
        "value": 88
      },
      {
        "time": "20:13:00",
        "value": 90
      },
      {
        "time": "20:14:00",
        "value": 95
      },
      {
        "time": "20:15:00",
        "value": 92
      },
      {
        "time": "20:16:00",
        "value": 87
      },
      {
        "time": "20:17:00",
        "value": 84
      },
      {
        "time": "20:18:00",
        "value": 88
      },
      {
        "time": "20:19:00",
        "value": 89
      },
      {
        "time": "20:20:00",
        "value": 92
      },
      {
        "time": "20:21:00",
        "value": 84
      },
      {
        "time": "20:22:00",
        "value": 89
      },
      {
        "time": "20:23:00",
        "value": 88
      },
      {
        "time": "20:24:00",
        "value": 89
      },
      {
        "time": "20:25:00",
        "value": 90
      },
      {
        "time": "20:26:00",
        "value": 81
      },
      {
        "time": "20:27:00",
        "value": 83
      },
      {
        "time": "20:28:00",
        "value": 82
      },
      {
        "time": "20:29:00",
        "value": 80
      },
      {
        "time": "20:30:00",
        "value": 84
      },
      {
        "time": "20:31:00",
        "value": 88
      },
      {
        "time": "20:32:00",
        "value": 86
      },
      {
        "time": "20:33:00",
        "value": 82
      },
      {
        "time": "20:34:00",
        "value": 85
      },
      {
        "time": "20:35:00",
        "value": 87
      },
      {
        "time": "20:36:00",
        "value": 83
      },
      {
        "time": "20:37:00",
        "value": 88
      },
      {
        "time": "20:38:00",
        "value": 92
      },
      {
        "time": "20:39:00",
        "value": 88
      },
      {
        "time": "20:40:00",
        "value": 84
      },
      {
        "time": "20:41:00",
        "value": 84
      },
      {
        "time": "20:42:00",
        "value": 87
      },
      {
        "time": "20:43:00",
        "value": 93
      },
      {
        "time": "20:44:00",
        "value": 81
      },
      {
        "time": "20:45:00",
        "value": 103
      },
      {
        "time": "20:46:00",
        "value": 93
      },
      {
        "time": "20:47:00",
        "value": 78
      },
      {
        "time": "20:48:00",
        "value": 83
      },
      {
        "time": "20:49:00",
        "value": 84
      },
      {
        "time": "20:50:00",
        "value": 87
      },
      {
        "time": "20:51:00",
        "value": 85
      },
      {
        "time": "20:52:00",
        "value": 81
      },
      {
        "time": "20:53:00",
        "value": 87
      },
      {
        "time": "20:54:00",
        "value": 85
      },
      {
        "time": "20:55:00",
        "value": 85
      },
      {
        "time": "20:56:00",
        "value": 88
      },
      {
        "time": "20:57:00",
        "value": 90
      },
      {
        "time": "20:58:00",
        "value": 85
      },
      {
        "time": "20:59:00",
        "value": 85
      },
      {
        "time": "21:00:00",
        "value": 91
      },
      {
        "time": "21:01:00",
        "value": 80
      },
      {
        "time": "21:02:00",
        "value": 81
      },
      {
        "time": "21:04:00",
        "value": 72
      },
      {
        "time": "21:05:00",
        "value": 77
      },
      {
        "time": "21:06:00",
        "value": 78
      },
      {
        "time": "21:07:00",
        "value": 83
      },
      {
        "time": "21:08:00",
        "value": 83
      },
      {
        "time": "21:09:00",
        "value": 83
      },
      {
        "time": "21:10:00",
        "value": 77
      },
      {
        "time": "21:11:00",
        "value": 75
      },
      {
        "time": "21:15:00",
        "value": 83
      },
      {
        "time": "21:16:00",
        "value": 81
      },
      {
        "time": "21:17:00",
        "value": 81
      },
      {
        "time": "21:18:00",
        "value": 82
      },
      {
        "time": "21:19:00",
        "value": 81
      },
      {
        "time": "21:20:00",
        "value": 80
      },
      {
        "time": "21:21:00",
        "value": 84
      },
      {
        "time": "21:22:00",
        "value": 82
      },
      {
        "time": "21:23:00",
        "value": 84
      },
      {
        "time": "21:24:00",
        "value": 82
      },
      {
        "time": "21:25:00",
        "value": 83
      },
      {
        "time": "21:26:00",
        "value": 75
      },
      {
        "time": "21:27:00",
        "value": 79
      },
      {
        "time": "21:28:00",
        "value": 81
      },
      {
        "time": "21:29:00",
        "value": 82
      },
      {
        "time": "21:30:00",
        "value": 81
      },
      {
        "time": "21:31:00",
        "value": 84
      },
      {
        "time": "21:32:00",
        "value": 82
      },
      {
        "time": "21:33:00",
        "value": 83
      },
      {
        "time": "21:34:00",
        "value": 85
      },
      {
        "time": "21:35:00",
        "value": 86
      },
      {
        "time": "21:36:00",
        "value": 86
      },
      {
        "time": "21:37:00",
        "value": 88
      },
      {
        "time": "21:38:00",
        "value": 83
      },
      {
        "time": "21:39:00",
        "value": 83
      },
      {
        "time": "21:40:00",
        "value": 85
      },
      {
        "time": "21:41:00",
        "value": 83
      },
      {
        "time": "21:42:00",
        "value": 87
      },
      {
        "time": "21:43:00",
        "value": 86
      },
      {
        "time": "21:44:00",
        "value": 84
      },
      {
        "time": "21:45:00",
        "value": 82
      },
      {
        "time": "21:46:00",
        "value": 82
      },
      {
        "time": "21:47:00",
        "value": 86
      },
      {
        "time": "21:48:00",
        "value": 84
      },
      {
        "time": "21:49:00",
        "value": 82
      },
      {
        "time": "21:50:00",
        "value": 84
      },
      {
        "time": "21:52:00",
        "value": 89
      },
      {
        "time": "21:53:00",
        "value": 86
      },
      {
        "time": "21:54:00",
        "value": 86
      },
      {
        "time": "21:55:00",
        "value": 81
      },
      {
        "time": "21:56:00",
        "value": 80
      },
      {
        "time": "21:57:00",
        "value": 79
      },
      {
        "time": "21:58:00",
        "value": 84
      },
      {
        "time": "21:59:00",
        "value": 83
      },
      {
        "time": "22:00:00",
        "value": 82
      },
      {
        "time": "22:01:00",
        "value": 98
      },
      {
        "time": "22:02:00",
        "value": 89
      },
      {
        "time": "22:03:00",
        "value": 83
      },
      {
        "time": "22:04:00",
        "value": 78
      },
      {
        "time": "22:05:00",
        "value": 79
      },
      {
        "time": "22:06:00",
        "value": 80
      },
      {
        "time": "22:07:00",
        "value": 78
      },
      {
        "time": "22:08:00",
        "value": 82
      },
      {
        "time": "22:09:00",
        "value": 80
      },
      {
        "time": "22:10:00",
        "value": 79
      },
      {
        "time": "22:11:00",
        "value": 85
      },
      {
        "time": "22:12:00",
        "value": 84
      },
      {
        "time": "22:13:00",
        "value": 81
      },
      {
        "time": "22:14:00",
        "value": 80
      },
      {
        "time": "22:15:00",
        "value": 77
      }
    ],
    "datasetInterval": 1,
    "datasetType": "minute"
  }
}