{
  "activities-heart": [
    {
      "value": {
        "customHeartRateZones": [],
        "heartRateZones": [
          {
            "caloriesOut": 1927.46928,
            "max": 126,
            "min": 30,
            "minutes": 1440,
            "name": "Out of Range"
          },
          {
            "caloriesOut": 0,
            "max": 151,
            "min": 126,
            "minutes": 0,
            "name": "Fat Burn"
          },
          {
            "caloriesOut": 0,
            "max": 182,
            "min": 151,
            "minutes": 0,
            "name": "Cardio"
          },
          {
            "caloriesOut": 0,
            "max": 220,
            "min": 182,
            "minutes": 0,
            "name": "Peak"
          }
        ],
        "restingHeartRate": 76
      },
      "dateTime": "2025-10-25"
    }
  ]
}